ID,CATEGORY_ID,REF_NO,NAME,EMAIL
1,3,158332,Presenter,helena91@example.org
2,2,555819,Viewer1,spencer.cyril@example.com
3,2,747231,Viewer2,tromp.dakota@example.net
4,2,992247,Viewer3,macejkovic.yessenia@example.net
5,2,216338,Viewer4,rtillman@example.net
6,2,985305,Viewer5,kevon.walter@example.net
7,2,928710,Viewer6.,briana22@example.net
8,2,638430,Viewer7,zora.abernathy@example.net
9,2,480154,Viewer8,tcarroll@example.com
10,2,836280,Viewer9,kihn.benny@example.net
11,2,161226,Viewer10,schuster.gabriel@example.net
12,2,458948,Viewer11,eliseo33@example.org
13,2,272722,Viewer12,mina.boyer@example.net
14,2,201637,Viewer13,gaetano.nitzsche@example.net
15,2,131388,Viewer14,casimir80@example.net
16,2,524641,Viewer15,efranecki@example.net
17,2,222449,Viewer16,maureen19@example.net
18,2,34016,Viewer17,bruen.kamren@example.org
19,2,555098,Viewer18,brown.alysha@example.net
20,2,317289,Viewer19,cristopher27@example.org
